<?xml version="1.0" encoding="UTF-8" standalone="yes"?>
<manifest>
  <control namespace="Veritec" constructor="AddressValidator" version="0.0.28" display-name-key="Veritec_AddressValidator" description-key="AddressValidator_Desc_Key" control-type="standard" api-version="1.1.0">
    <property name="EDQToken" display-name-key="ExperianToken" description-key="ExperianToken_key" of-type="SingleLine.Text" usage="input" required="true"/>
    <property name="AddressSearch" display-name-key="AddressSearch" description-key="addresssearch_key" of-type="SingleLine.Text" usage="bound" required="true"/>
    <property name="addressLine1" display-name-key="addressLine1" description-key="addressLine1" of-type="SingleLine.Text" usage="bound" required="false"/>
    <property name="addressLine2" display-name-key="addressLine2" description-key="addressLine2" of-type="SingleLine.Text" usage="bound" required="false"/>
    <property name="addressLine3" display-name-key="addressLine3" description-key="addressLine3" of-type="SingleLine.Text" usage="bound" required="false"/>
    <property name="locality" display-name-key="locality" description-key="locality" of-type="SingleLine.Text" usage="bound" required="false"/>
    <property name="province" display-name-key="province" description-key="province" of-type="SingleLine.Text" usage="bound" required="false"/>
    <property name="postalCode" display-name-key="postalCode" description-key="postalCode" of-type="SingleLine.Text" usage="bound" required="false"/>
    <property name="country" display-name-key="country" description-key="country" of-type="SingleLine.Text" usage="bound" required="false"/>
    <resources>
      <code path="bundle.js" order="1"/>
      <css path="css/AddressValidator.css" order="1"/>
      <img path="img/logo.png"/>
    </resources>
    <built-by name="pac" version="0.4.3"/>
  </control>
</manifest>